[{"model": "test_plans.plan", "pk": 1, "fields": {"name": "Rest maintain test agreement relate share most. Perform account guy weight almost shake effect. Science spring minute could.Sort senior should will smile west plant. Score teach picture hour little home animal.Coach enough deal matter. Design sit decide school mention scene open simple.", "description": "Central task answer student. Would crime write shake up imagine teacher turn. Under realize century audience expert put should. Green pattern maintain. Pull main thought every today wife reduce. Around film involve window. Friend dream grow style manager military have.", "create_at": "2018-07-19T08:31:55.525Z", "update_at": "2018-07-19T16:12:19.567Z", "status": "2", "create_by": 1}}, {"model": "test_plans.plan", "pk": 2, "fields": {"name": "Fill morning quality seven computer. Still talk if often argue. Own off low sea note.Along experience major traditional. Size later sort end media affect. Health pass hour claim issue.Culture share old source. Very nature none focus kid.", "description": "Statement sit Mr example computer. Lose feel baby budget. Almost fly how. Institution enter space beyond early language.", "create_at": "2018-07-19T08:31:55.566Z", "update_at": "2018-07-19T15:25:02.342Z", "status": "1", "create_by": 4}}, {"model": "test_plans.plan", "pk": 3, "fields": {"name": "Hospital center Democrat guess pass accept nor bad. His price exactly consider. Clearly factor trip.\nThose community house item. Meet window trip over Congress purpose guess admit. Tend history environmental serious receive partner tough.", "description": "Team society happen worry people one strategy. Actually miss government tell physical. Explain write fire stuff whose. Her nor onto social book. Every everybody movement possible popular listen individual save. Real visit conference. As long with arm audience north management.", "create_at": "2018-07-19T08:31:55.589Z", "update_at": "2018-07-19T08:31:55.598Z", "status": "0", "create_by": 2}}, {"model": "test_plans.plan", "pk": 4, "fields": {"name": "Indeed today business ask according couple order. Some seem season north heavy speech fine design.\nUnit son development there. Must ever fight run growth plan Mr final. Space newspaper above mouth computer test.", "description": "Hand from free item. Involve stop around box. Institution decision itself begin down computer continue. Prevent that finish collection fish ask measure few. Sing change listen although ahead over foreign. Door consumer technology body media. Situation north family require remain send. Know approach political theory. Sit alone less provide experience. Business morning prove community letter example.", "create_at": "2018-07-19T08:31:55.614Z", "update_at": "2018-07-19T08:31:55.620Z", "status": "0", "create_by": 2}}, {"model": "test_plans.plan", "pk": 5, "fields": {"name": "Green health nor economy line she long paper. Likely western sound study measure wait. Mission today cold grow serve wonder box season.\nEvidence score yard. Leg detail study often cost whole former thus. Whatever professional other until. Administration expect recently staff.", "description": "Last entire loss board environmental surface laugh. Ten create society people to again drug. Newspaper guess father side conference. To thousand gas politics. Security particularly certain because while simple tough. Case first audience address. Car new good respond attention culture.", "create_at": "2018-07-19T08:31:55.637Z", "update_at": "2018-07-19T08:31:55.642Z", "status": "0", "create_by": 3}}, {"model": "test_plans.plan", "pk": 6, "fields": {"name": "Use seat test feeling clearly must. Enough represent its later charge avoid foot senior.\nArrive thousand reflect support source court. Less your when big.\nSpeak go institution million get history. Dark enough personal consider actually man student. Worry else short.", "description": "Whether laugh age rich say. Clear behind quickly bed growth whole college. Economy rest which especially market dream speech. Such decision exactly when miss land. Exist piece rise believe face. Table turn street whose network piece. Western require source yeah site who. One list mean economy. Major main political before. Because west happen campaign budget also establish.", "create_at": "2018-07-19T08:31:55.659Z", "update_at": "2018-07-19T08:31:55.665Z", "status": "0", "create_by": 2}}, {"model": "test_plans.plan", "pk": 7, "fields": {"name": "Almost thousand century have. North thus travel yourself thank cell glass. Yourself teacher artist author collection left yet. Two above away and use think.\nPhysical response room education side dark itself. Official expect spring inside deal. Car there lay people.", "description": "Possible fall study improve daughter. Task describe once sound use others. Best week sport by. Create outside action far local. Past special image benefit newspaper more time. Most special to reveal source brother. Election development traditional style blood will.", "create_at": "2018-07-19T08:31:55.680Z", "update_at": "2018-07-19T08:31:55.687Z", "status": "0", "create_by": 4}}, {"model": "test_plans.plan", "pk": 8, "fields": {"name": "Watch tough myself address speech. Consider certain attorney gun some perhaps. For front send say might weight have east. Western number water try bank big enough build.\nWeight smile building full both including. Across heart evidence individual rule.", "description": "Congress dark company five generation kid. Stage important market toward. Year similar ball buy. Significant free foreign chance. Financial thousand when feeling apply.", "create_at": "2018-07-19T08:31:55.702Z", "update_at": "2018-07-19T08:31:55.709Z", "status": "0", "create_by": 1}}, {"model": "test_plans.plan", "pk": 9, "fields": {"name": "Detail simply director throw small speech. Nation evening realize like whatever picture energy.\nCan add idea article. Special field cause pretty decision together always. Move part yourself top. Opportunity whom machine identify magazine newspaper.", "description": "Speak financial for. Course town else. Bring police however accept then work arrive. Ago official service brother husband hundred evening really. Let same Mr leave. Yeah get environmental probably small main leg. Feeling next likely.", "create_at": "2018-07-19T08:31:55.728Z", "update_at": "2018-07-19T08:31:55.742Z", "status": "0", "create_by": 4}}, {"model": "test_plans.plan", "pk": 10, "fields": {"name": "Fill order chance here experience although. Environment agent so dog.\nGuy much mouth professional least. Candidate between option daughter.\nSpeak reflect station instead trial day order. Sister meeting book trial either.", "description": "Former treatment north. Pay movement old range. East home mouth indeed fill better far. Receive dinner government day rich. Seven suddenly will west many anyone tell.", "create_at": "2018-07-19T08:31:55.757Z", "update_at": "2018-07-19T08:31:55.764Z", "status": "0", "create_by": 3}}, {"model": "test_plans.plan", "pk": 11, "fields": {"name": "Community here nothing might which time.\nManager though once decide. Fund pay response cultural.\nEnter push bit national operation. Important product sell various or beat.", "description": "Car news not school current time health security. Section close point approach better writer black. Company PM fall should quality. Beat without next morning up billion add officer. Ask thing begin order. Effect main their crime glass.", "create_at": "2018-07-19T08:31:57.772Z", "update_at": "2018-07-19T08:31:57.794Z", "status": "0", "create_by": 2}}, {"model": "test_plans.plan", "pk": 12, "fields": {"name": "Sure threat usually. Explain drug exist tonight.\nHand detail skin pull actually accept assume. Well theory throughout there which item.\nSo street think man in reason before. Add agree who PM police international.", "description": "Possible which much case wonder for student. Plant meet recent form. Beautiful nearly front eye dream become miss. Price total future employee director another radio. And part goal your carry serious by. Power maybe focus yes source. Administration necessary trial partner win standard than.", "create_at": "2018-07-19T08:31:57.809Z", "update_at": "2018-07-19T08:31:57.817Z", "status": "0", "create_by": 3}}, {"model": "test_plans.plan", "pk": 13, "fields": {"name": "Stand find great risk. Discussion natural activity travel strong many. Model such financial fine within rich improve. East room leave single teacher lose ever.\nLawyer life while early when stay crime buy. Live story around same. Bag weight already machine subject.", "description": "Study part past beat. Pretty else best democratic sort bit. Important civil large only. Least run heavy newspaper must. Bill throughout answer film. Fear well structure let toward operation. Chance structure trouble a service add.", "create_at": "2018-07-19T08:31:57.831Z", "update_at": "2018-07-19T08:31:57.839Z", "status": "0", "create_by": 3}}, {"model": "test_plans.plan", "pk": 14, "fields": {"name": "Theory hope answer they. Loss service drive necessary environment growth herself. Race yes fear history person.\nDiscuss quality form. Ask reason rich positive science. Instead art learn better clearly.", "description": "Fact product mission Mr. Risk third sing ground. Social word according claim. Can tree seem bit know tonight. Set resource carry hit investment. Will on source end.", "create_at": "2018-07-19T08:31:57.855Z", "update_at": "2018-07-19T08:31:57.861Z", "status": "0", "create_by": 3}}, {"model": "test_plans.plan", "pk": 15, "fields": {"name": "Store number picture on. Statement office statement.\nLetter mission everybody day without. None family protect join husband market possible.\nServe suggest age. Most detail behind here candidate ready animal.\nHappen future young you culture range.", "description": "Country discuss military gas pressure why affect. President none with voice imagine break meeting age. Everybody film Congress under society with thousand. Trouble manager what as energy. Huge road ability western probably thus. Address purpose hand card carry. Manage sell while. Leg investment check study billion.", "create_at": "2018-07-19T08:31:57.877Z", "update_at": "2018-07-19T08:31:57.883Z", "status": "0", "create_by": 1}}, {"model": "test_plans.plan", "pk": 16, "fields": {"name": "Far training interesting still doctor. Scientist board mind study score alone coach. Thank see image foot.\nSecond doctor organization her away expert late fact. Stay clear what agree try live.", "description": "News college win like. Report each pressure human rich. Trip black development strategy fact head even force. They report hit front. Person quite tend. Arm if pressure set police. Pass leave I stay writer. Production majority other skin list see.", "create_at": "2018-07-19T08:31:57.900Z", "update_at": "2018-07-19T08:31:57.906Z", "status": "0", "create_by": 2}}, {"model": "test_plans.plan", "pk": 17, "fields": {"name": "Collection three position rather want history. Road discussion government short side determine.\nProgram partner receive maybe decision.\nStrong model side. Reason prevent decide. Its enter most question.", "description": "Film treat plan concern approach. From recognize tax find. Style property fight sort believe his. Mention knowledge authority. Property international story often across provide. Very perhaps allow picture relationship help. Choose range upon decade miss resource. Direction development fine impact better nor campaign. Make vote mouth family spend rate. Production middle material.", "create_at": "2018-07-19T08:31:57.921Z", "update_at": "2018-07-19T08:31:57.928Z", "status": "0", "create_by": 1}}, {"model": "test_plans.plan", "pk": 18, "fields": {"name": "Theory beautiful difficult perform strategy today. North stage option. Ground character individual face.\nReally each response building. Increase help relationship service federal quite develop thank. Actually partner focus teacher case.\nChurch industry economy kitchen after act.", "description": "Court believe weight local. Expert tonight safe air town. Trip interesting lose behind happen. Group interesting indeed toward fine. Agreement door garden pressure feeling. Idea boy expect party life.", "create_at": "2018-07-19T08:31:57.943Z", "update_at": "2018-07-19T08:31:57.950Z", "status": "0", "create_by": 4}}, {"model": "test_plans.plan", "pk": 19, "fields": {"name": "Budget early above. Bad create still enough born. Contain sign smile outside them option let wait.\nScientist various experience win close. War present spend. Task information artist enjoy.\nRecognize sound explain agreement to audience me. Present church guess race high.", "description": "Often modern exist single. Guess avoid couple gas. Office generation enjoy drug pattern among. Determine attorney because walk drug prepare decade. Card walk deal source. Group Congress effort investment.", "create_at": "2018-07-19T08:31:57.966Z", "update_at": "2018-07-19T08:31:57.972Z", "status": "0", "create_by": 4}}, {"model": "test_plans.plan", "pk": 20, "fields": {"name": "Move enter rule financial accept keep factor fly. Clearly sport relate during.\nItself church anything clear memory whether scene. Compare beautiful unit create can them. Past executive small suggest company black.\nChair foreign arm director. Light religious compare section must behind view teacher.", "description": "Cause goal increase leader popular size notice. Senior visit student serve head course. Head study party authority. Air style example certainly. See enough once article step past month cultural. Type society finally run put past.", "create_at": "2018-07-19T08:31:57.988Z", "update_at": "2018-07-19T08:31:57.994Z", "status": "0", "create_by": 1}}, {"model": "test_plans.plan", "pk": 21, "fields": {"name": "Sign argue should himself spend. Relationship firm cost price forget card ask.\nSignificant people I result. Individual more ball. Site my practice voice outside not.", "description": "Model environmental lot example quality onto. Election physical explain draw sort. Check window father page. Body purpose back fight. Cost back exist foot actually. Force cover main play up tax blue across. Play appear size be something join. Fill rate throughout staff very. Start close study line window professional magazine.", "create_at": "2018-07-19T08:31:59.037Z", "update_at": "2018-07-19T08:31:59.149Z", "status": "0", "create_by": 4}}, {"model": "test_plans.plan", "pk": 22, "fields": {"name": "Common want yes radio first work nature. Expect cell year maybe. Mrs section race true.\nHalf late total of meeting hope. Approach song suggest glass.\nEnvironment focus maintain cut raise government. Somebody down skin red threat year base. Animal rule often job fast discover.", "description": "Vote society usually expert. Herself plant mother mention commercial a. Hotel together take name pay during. Skill plan grow. Doctor practice contain land customer maybe such. Evening to administration. Color live describe. Own case old reason look degree prevent finally. Want attorney bar course. My join record attention.", "create_at": "2018-07-19T08:31:59.166Z", "update_at": "2018-07-19T08:31:59.171Z", "status": "0", "create_by": 2}}, {"model": "test_plans.plan", "pk": 23, "fields": {"name": "Throughout drive outside get nice clearly. Amount various man resource.\nDog property food way town television coach weight. Particular remember room science character.\nManagement woman old record southern. Determine free charge movie. Level father see majority attack probably attention soldier.", "description": "Protect court challenge bring authority. Protect enter crime ask these store. Yet mention next item strong TV. Upon beautiful you fact community worry. Physical be everything us they cultural. Social song road system begin record. If break air where.", "create_at": "2018-07-19T08:31:59.187Z", "update_at": "2018-07-19T08:31:59.193Z", "status": "0", "create_by": 4}}, {"model": "test_plans.plan", "pk": 24, "fields": {"name": "Gas family including. Fill yes other structure product other college. Foot effect nature last.\nBy available remember. Reveal position pay pass everything. West wife lot memory without miss.\nLaw eight red book together like. Artist hand environment international.", "description": "With community strong. Need rise follow land stock seat skin. Work system while knowledge image total. Technology give hair keep. Crime necessary hope society course technology bring. Learn instead interesting simply. Light any how environment public image. Million fact example next marriage paper education.", "create_at": "2018-07-19T08:31:59.209Z", "update_at": "2018-07-19T08:31:59.215Z", "status": "0", "create_by": 1}}, {"model": "test_plans.plan", "pk": 25, "fields": {"name": "Before television sister measure lawyer.\nInvolve international outside study. Structure wish ability child.\nSpeech certainly rather be school generation. Budget admit myself detail upon compare stage.\nSon wait business budget forget general few. Task view film board east business.", "description": "Value activity give structure. Next fact financial really. She foot family foreign safe knowledge. Into owner himself its art deep training. Skin often meet source sure reality. Point why individual wall drug civil forget. Tree raise use amount these. Thought between heart. Particular care drive she. Particular difficult more talk small clearly.", "create_at": "2018-07-19T08:31:59.231Z", "update_at": "2018-07-19T08:31:59.237Z", "status": "0", "create_by": 3}}, {"model": "test_plans.plan", "pk": 26, "fields": {"name": "Eye along evidence hit miss threat industry. Fight agency north contain character lay tonight hotel. Last organization fish nor.\nCivil her second energy issue. Go board benefit reveal read order. Seek even conference benefit up.", "description": "Case benefit drive fight space authority short gas. Beyond black under factor. Act gun give key leave watch upon. Party value body amount major. Indeed suggest future cell. Raise soon important doctor shake information. Visit a former these white road billion design.", "create_at": "2018-07-19T08:31:59.253Z", "update_at": "2018-07-19T08:31:59.259Z", "status": "0", "create_by": 1}}, {"model": "test_plans.plan", "pk": 27, "fields": {"name": "Century marriage education speech build need arrive. Cell conference point.\nTalk free century factor television.\nPublic management force lead writer. Discuss evening bag since pay suggest. Court interesting notice plan else act.", "description": "Information single eight six whom reality four. Purpose nice their why marriage especially. Reach art believe program. Yard kitchen attention space. Bad sea trial go police past what. War open letter information health hit free.", "create_at": "2018-07-19T08:31:59.275Z", "update_at": "2018-07-19T08:31:59.281Z", "status": "0", "create_by": 1}}, {"model": "test_plans.plan", "pk": 28, "fields": {"name": "Specific society data include opportunity professional. Service whom west. Ok cause analysis newspaper none standard important.\nConference thousand yard recently. Where performance police hit different. Address follow edge have old black. Left medical number hard right.", "description": "Offer production travel plan add cover practice. Travel lose physical dream house order turn. Speech both class movie kind various. Community indicate support condition last consider full. Huge edge then both song choose sometimes feel. House ever whose item another.", "create_at": "2018-07-19T08:31:59.298Z", "update_at": "2018-07-19T08:31:59.304Z", "status": "0", "create_by": 1}}, {"model": "test_plans.plan", "pk": 29, "fields": {"name": "Ten believe against he. Glass improve before why detail myself consider. It much form million soon side service.\nVery outside economy purpose again book. Important around born around sound yard its.", "description": "Ago majority me news. Short economy box system may eat deep building. Time both simply media each available individual. They executive serve here. Benefit piece call walk discuss. Accept pretty must prevent either none. Something worry term whom myself decade.", "create_at": "2018-07-19T08:31:59.320Z", "update_at": "2018-07-19T08:31:59.326Z", "status": "0", "create_by": 3}}, {"model": "test_plans.plan", "pk": 30, "fields": {"name": "Modern to image one program beyond and remember. Film believe picture recently. Grow president difference realize south win now.\nWhen situation new another. Who score material car perhaps past available outside.\nProve anyone way son. Operation any traditional present again.", "description": "Brother director head star rate relationship. General Republican fast talk. Upon between expect there. Clear wide church. Employee another challenge individual factor. Region per research student television. Now hotel why plan evening perform.", "create_at": "2018-07-19T08:31:59.342Z", "update_at": "2018-07-19T08:31:59.348Z", "status": "0", "create_by": 4}}, {"model": "test_plans.plancases", "pk": 2, "fields": {"plan": 18, "case": 40, "status": "0", "comment": ""}}, {"model": "test_plans.plancases", "pk": 3, "fields": {"plan": 30, "case": 41, "status": "0", "comment": ""}}, {"model": "test_plans.plancases", "pk": 4, "fields": {"plan": 21, "case": 11, "status": "0", "comment": ""}}, {"model": "test_plans.plancases", "pk": 5, "fields": {"plan": 13, "case": 35, "status": "0", "comment": ""}}, {"model": "test_plans.plancases", "pk": 6, "fields": {"plan": 26, "case": 42, "status": "0", "comment": ""}}, {"model": "test_plans.plancases", "pk": 7, "fields": {"plan": 4, "case": 29, "status": "0", "comment": ""}}, {"model": "test_plans.plancases", "pk": 8, "fields": {"plan": 19, "case": 3, "status": "0", "comment": ""}}, {"model": "test_plans.plancases", "pk": 9, "fields": {"plan": 24, "case": 3, "status": "0", "comment": ""}}, {"model": "test_plans.plancases", "pk": 10, "fields": {"plan": 2, "case": 25, "status": "0", "comment": ""}}, {"model": "test_plans.plancases", "pk": 11, "fields": {"plan": 14, "case": 33, "status": "0", "comment": ""}}, {"model": "test_plans.plancases", "pk": 12, "fields": {"plan": 27, "case": 40, "status": "0", "comment": ""}}, {"model": "test_plans.plancases", "pk": 13, "fields": {"plan": 5, "case": 30, "status": "0", "comment": ""}}, {"model": "test_plans.plancases", "pk": 14, "fields": {"plan": 20, "case": 30, "status": "0", "comment": ""}}, {"model": "test_plans.plancases", "pk": 15, "fields": {"plan": 14, "case": 32, "status": "0", "comment": ""}}, {"model": "test_plans.plancases", "pk": 16, "fields": {"plan": 14, "case": 3, "status": "0", "comment": ""}}, {"model": "test_plans.plancases", "pk": 17, "fields": {"plan": 20, "case": 26, "status": "0", "comment": ""}}, {"model": "test_plans.plancases", "pk": 18, "fields": {"plan": 6, "case": 24, "status": "0", "comment": ""}}, {"model": "test_plans.plancases", "pk": 19, "fields": {"plan": 9, "case": 43, "status": "0", "comment": ""}}, {"model": "test_plans.plancases", "pk": 20, "fields": {"plan": 3, "case": 32, "status": "0", "comment": ""}}, {"model": "test_plans.plancases", "pk": 21, "fields": {"plan": 13, "case": 7, "status": "0", "comment": ""}}, {"model": "test_plans.plancases", "pk": 22, "fields": {"plan": 1, "case": 7, "status": "0", "comment": ""}}, {"model": "test_plans.plancases", "pk": 23, "fields": {"plan": 1, "case": 27, "status": "0", "comment": ""}}, {"model": "test_plans.planlog", "pk": 1, "fields": {"plan": 2, "comment": "221332", "status": "0", "last_run": "2018-07-19T09:20:29.316Z", "run_by": 1}}, {"model": "test_plans.planlog", "pk": 2, "fields": {"plan": 1, "comment": "ddd", "status": "0", "last_run": "2018-06-12T15:30:19.909Z", "run_by": 1}}]